{"connections":{":i-M6bjiLyjir_b56_Zrmaz":{"configuredProperties":{"brokers":"my-cluster-kafka-brokers:9092"},"connector":{"actions":[{"actionType":"connector","description":"Publish data to the Kafka topic that you select.","descriptor":{"inputDataShape":{"kind":"any"},"outputDataShape":{"kind":"none"},"propertyDefinitionSteps":[{"description":"Specify Kafka topic name","name":"Select the Kafka topic","properties":{"topic":{"componentProperty":false,"deprecated":false,"displayName":"Topic Name","group":"common","javaType":"java.lang.String","kind":"path","labelHint":"Select the Kafka topic to send data to.","order":1,"required":true,"secret":false,"type":"string"}}}]},"id":"io.syndesis:kafka-publish-action","name":"Publish","pattern":"To","tags":["dynamic"]},{"actionType":"connector","description":"Receive data from the Kafka topic that you select.","descriptor":{"inputDataShape":{"kind":"none"},"outputDataShape":{"kind":"any"},"propertyDefinitionSteps":[{"description":"Select the Kafka topic name","name":"Select the Kafka topic","properties":{"topic":{"componentProperty":false,"deprecated":false,"displayName":"Topic Name","group":"common","javaType":"java.lang.String","kind":"path","labelHint":"Select the Kafka topic to receive data from.","order":1,"required":true,"secret":false,"type":"string"}}}]},"id":"io.syndesis:kafka-subscribe-action","name":"Subscribe","pattern":"From","tags":["dynamic"]}],"componentScheme":"kafka","dependencies":[{"id":"io.syndesis.connector:connector-kafka:1.9.0.fuse-760020-redhat-00001","type":"MAVEN"}],"description":"Subscribe for and publish messages","icon":"assets:kafka.svg","id":"kafka","name":"Kafka Message Broker","properties":{"brokers":{"componentProperty":true,"deprecated":false,"displayName":"Kafka Broker URIs","group":"common","javaType":"java.lang.String","kind":"property","label":"common","labelHint":"Comma separated list of Kafka broker URIs in the form host:port. Note that SSL URIs are not supported at this time and will cause an OOM at connection verification (see also https://issues.apache.org/jira/browse/KAFKA-4090)","order":1,"required":true,"secret":false,"type":"typeahead"}},"tags":["dynamic","verifier"],"version":3},"connectorId":"kafka","createdDate":1588730979772,"description":"Subscribe for and publish messages","icon":"assets:kafka.svg","id":"i-M6bjiLyjir_b56_Zrmaz","isDerived":false,"lastUpdated":1588730979772,"name":"Kafka Message Broker","userId":"opentlc-mgr","uses":0},":i-M6e8AuHjir_b56_Zrmdz":{"configuredProperties":{"password":"»ENC:6dbf8e91f8ae1b7defa9460cb13ed15898dd32a7b3e8311aaa5d0999a40927a2","schema":"portfolio","url":"jdbc:teiid:portfolio@mm://172.30.238.229:31000","user":"user"},"connector":{"actions":[{"actionType":"connector","description":"Invoke SQL to obtain, store, update, or delete data.","descriptor":{"componentScheme":"sql","connectorCustomizers":["io.syndesis.connector.sql.customizer.SqlConnectorCustomizer"],"inputDataShape":{"kind":"json-schema"},"outputDataShape":{"kind":"json-schema"},"propertyDefinitionSteps":[{"description":"Enter a SQL statement that starts with INSERT, SELECT, UPDATE or DELETE.","name":"SQL statement","properties":{"batch":{"defaultValue":"false","deprecated":false,"displayName":"Batch update","group":"common","javaType":"java.lang.Boolean","kind":"property","labelHint":"Use prepared statements for INSERT, UPDATE, DELETE in order to update multiple rows with batch update.","order":2,"required":false,"secret":false,"type":"boolean"},"query":{"deprecated":false,"displayName":"SQL statement","group":"common","javaType":"java.lang.String","kind":"path","labelHint":"SQL statement to be executed. Can contain input parameters prefixed by ':#'.","order":1,"placeholder":"for example ':#MYPARAMNAME'","required":true,"secret":false,"type":"dataList"},"raiseErrorOnNotFound":{"defaultValue":"false","deprecated":false,"displayName":"Raise error when record not found","group":"common","javaType":"java.lang.Boolean","kind":"property","labelHint":"Error when no records are selected, updated or deleted","order":3,"required":false,"secret":false,"type":"boolean"}}}],"standardizedErrors":[{"displayName":"SqlDataAccessError","name":"SQL_DATA_ACCESS_ERROR"},{"displayName":"SqlEntityNotFoundError","name":"SQL_ENTITY_NOT_FOUND_ERROR"},{"displayName":"SqlConnectorError","name":"SQL_CONNECTOR_ERROR"}]},"id":"sql-connector","name":"Invoke SQL","pattern":"To","tags":["dynamic"]},{"actionType":"connector","description":"Periodically invoke SQL to obtain data.","descriptor":{"componentScheme":"sql","connectorCustomizers":["io.syndesis.connector.sql.customizer.SqlStartConnectorCustomizer"],"inputDataShape":{"kind":"none"},"outputDataShape":{"kind":"json-schema"},"propertyDefinitionSteps":[{"description":"Enter a SQL statement that returns results, such as SELECT.","name":"SQL statement","properties":{"isRaiseErrorOnNotFound":{"deprecated":false,"displayName":"Raise NotFoundError","group":"consumer","javaType":"java.lang.Boolean","kind":"parameter","labelHint":"Raise NotFoundError if no records are inserted, updated, selected or deleted","order":3,"required":false,"secret":false,"type":"boolean"},"query":{"deprecated":false,"displayName":"SQL statement","group":"common","javaType":"java.lang.String","kind":"path","labelHint":"SQL statement to be executed.","order":1,"required":true,"secret":false,"type":"dataList"},"schedulerExpression":{"defaultValue":"60000","deprecated":false,"displayName":"Period","group":"consumer","javaType":"long","kind":"parameter","labelHint":"Delay between scheduling (executing).","order":2,"required":false,"secret":false,"type":"duration"}}}]},"id":"sql-start-connector","name":"Periodic SQL invocation","pattern":"From","tags":["dynamic"]},{"actionType":"connector","description":"Invoke a stored procedure.","descriptor":{"componentScheme":"sql-stored","connectorCustomizers":["io.syndesis.connector.sql.customizer.SqlStoredConnectorCustomizer"],"inputDataShape":{"kind":"json-schema"},"outputDataShape":{"kind":"json-schema"},"propertyDefinitionSteps":[{"description":"Select the stored procedure.","name":"Procedure name","properties":{"procedureName":{"componentProperty":true,"deprecated":false,"displayName":"Procedure name","group":"common","javaType":"java.lang.String","kind":"property","labelHint":"Name of the stored procedure.","required":false,"secret":false,"type":"select"},"template":{"componentProperty":false,"deprecated":false,"displayName":"Template","group":"producer","javaType":"java.lang.String","kind":"path","labelHint":"Stored procedure template to perform.","required":false,"secret":false,"type":"hidden"}}}]},"id":"sql-stored-connector","name":"Invoke stored procedure","pattern":"To","tags":["dynamic"]},{"actionType":"connector","description":"Periodically invoke a stored procedure.","descriptor":{"componentScheme":"sql-stored","connectorCustomizers":["io.syndesis.connector.sql.customizer.SqlStartStoredConnectorCustomizer"],"inputDataShape":{"kind":"none"},"outputDataShape":{"kind":"json-schema"},"propertyDefinitionSteps":[{"description":"Select the stored procedure.","name":"Procedure name","properties":{"procedureName":{"componentProperty":true,"deprecated":false,"displayName":"Procedure name","group":"producer","javaType":"java.lang.String","kind":"path","labelHint":"Name of the stored procedure.","required":true,"secret":false,"type":"select"},"schedulerExpression":{"defaultValue":"60000","deprecated":false,"displayName":"Period","group":"consumer","javaType":"long","kind":"parameter","labelHint":"Delay between scheduling (executing).","required":false,"secret":false,"type":"duration"},"template":{"componentProperty":false,"deprecated":false,"displayName":"Template","group":"producer","javaType":"java.lang.String","kind":"path","labelHint":"Stored Procedure template to perform.","required":true,"secret":false,"type":"hidden"}}}]},"id":"sql-stored-start-connector","name":"Periodic stored procedure invocation","pattern":"From","tags":["dynamic"]}],"connectorCustomizers":["io.syndesis.connector.sql.customizer.DataSourceCustomizer"],"dependencies":[{"id":"io.syndesis.connector:connector-sql:1.9.0.fuse-760020-redhat-00001","type":"MAVEN"},{"id":"jdbc-driver","type":"EXTENSION_TAG"}],"description":"Invoke SQL to obtain, store, update, or delete data.","icon":"assets:sql.svg","id":"sql","name":"Database","properties":{"password":{"componentProperty":true,"deprecated":false,"displayName":"Password","group":"security","javaType":"java.lang.String","kind":"property","label":"common,security","labelHint":"Password for the database connection.","order":3,"required":true,"secret":true,"type":"string"},"schema":{"componentProperty":true,"deprecated":false,"displayName":"Schema","group":"common","javaType":"java.lang.String","kind":"property","label":"common","labelHint":"Database schema.","order":4,"required":false,"secret":false,"type":"string"},"url":{"componentProperty":true,"deprecated":false,"displayName":"Connection URL","group":"common","javaType":"java.lang.String","kind":"property","labelHint":"JDBC URL of the database.","order":1,"required":true,"secret":false,"type":"string"},"user":{"componentProperty":true,"deprecated":false,"displayName":"Username","group":"common","javaType":"java.lang.String","kind":"property","labelHint":"Username for the database connection.","order":2,"required":true,"secret":false,"type":"string"}},"tags":["verifier"],"version":3},"connectorId":"sql","createdDate":1588771208848,"description":"Connection to portfolio ","icon":"assets:sql.svg","id":"i-M6e8AuHjir_b56_Zrmdz","isDerived":false,"lastUpdated":1588771208848,"name":"portfolio","userId":"user","uses":0},":i-M6evCL6V0jHxsk2l5ziz":{"configuredProperties":{"authenticationType":"none","basePath":"/","host":"http://mock-prediction-citizen-integ-story.apps.cluster-0858.0858.example.opentlc.com"},"connector":{"actions":[{"actionType":"connector","description":"Auto generated using Swagger Inspector","descriptor":{"configuredProperties":{"operationId":"35d36951-147e-4aab-b029-63d57bc76a1f"},"connectorId":"i-M6biqbujir_b56_Zrm_z","inputDataShape":{"description":"API request payload","kind":"json-schema","metadata":{"unified":"true"},"name":"Request","specification":"{\"$schema\":\"http://json-schema.org/schema#\",\"type\":\"object\",\"$id\":\"io:syndesis:wrapped\",\"properties\":{\"parameters\":{\"type\":\"object\",\"properties\":{\"custId\":{\"type\":\"string\",\"title\":\"custId\"}}}}}"},"outputDataShape":{"description":"API response payload","kind":"json-schema","metadata":{"unified":"true"},"name":"Response","specification":"{\"$schema\":\"http://json-schema.org/schema#\",\"type\":\"object\",\"$id\":\"io:syndesis:wrapped\",\"properties\":{\"body\":{\"type\":\"object\",\"properties\":{\"prediction\":{\"type\":\"string\"}}}}}"}},"id":"i-M6biqbujir_b56_Zrm_z:35d36951-147e-4aab-b029-63d57bc76a1f","name":"GET /predict","pattern":"To"}],"componentScheme":"rest-openapi","configuredProperties":{"authenticationType":"none","componentName":"connector-rest-swagger-http4","specification":"{\"openapi\":\"3.0.1\",\"servers\":[{\"url\":\"http://mock-prediction-citizen-integrator-story.apps.cluster-0858.0858.example.opentlc.com/\"}],\"paths\":{\"/predict\":{\"servers\":[{\"url\":\"http://mock-prediction-citizen-integrator-story.apps.cluster-0858.0858.example.opentlc.com/\"}],\"get\":{\"parameters\":[{\"example\":\"CUST\",\"name\":\"custId\",\"schema\":{\"type\":\"string\"},\"in\":\"query\"}],\"operationId\":\"35d36951-147e-4aab-b029-63d57bc76a1f\"}}}}"},"connectorCustomizers":["io.syndesis.connector.rest.swagger.SpecificationResourceCustomizer","io.syndesis.connector.rest.swagger.AuthenticationCustomizer","io.syndesis.connector.rest.swagger.RequestCustomizer","io.syndesis.connector.rest.swagger.ResponseCustomizer"],"connectorFactory":"io.syndesis.connector.rest.swagger.ConnectorFactory","connectorGroup":{"id":"swagger-connector-template"},"connectorGroupId":"swagger-connector-template","dependencies":[{"id":"io.syndesis.connector:connector-rest-swagger:1.9.0.fuse-760020-redhat-00001","type":"MAVEN"},{"id":"org.apache.camel:camel-rest-openapi:2.23.2.fuse-760030-redhat-00001","type":"MAVEN"},{"id":"org.apache.camel:camel-http4:2.23.2.fuse-760030-redhat-00001","type":"MAVEN"}],"description":"predictionservice","icon":"data:image/svg+xml,%3Csvg%20xmlns%3Asvg%3D%22http%3A%2F%2Fwww%2Ew3%2Eorg%2F2000%2Fsvg%22%20xmlns%3D%22http%3A%2F%2Fwww%2Ew3%2Eorg%2F2000%2Fsvg%22%20width%3D%22400%22%20height%3D%22400%22%3E%3Ccircle%20cx%3D%22200%22%20cy%3D%22200%22%20r%3D%22200%22%20style%3D%22fill%3A%23fff%22%2F%3E%3Cpath%20d%3D%22M%20200%2E0486%2C4%2E99996%20A%20194%2E9514%2C195%200%200%200%205%2E0972058%2C192%2E6378%20l%200%2E8633847%2C0%20c%208%2E2004055%2C0%2013%2E8596845%2C%2D1%2E67314%2016%2E9781575%2C%2D5%203%2E118462%2C%2D3%2E34657%204%2E677184%2C%2D9%2E37626%204%2E677184%2C%2D18%2E08892%20l%200%2C%2D20%2E68637%20c%200%2C%2D12%2E75163%202%2E425915%2C%2D21%2E26114%207%2E276895%2C%2D25%2E5309%204%2E908747%2C%2D4%2E26977%2014%2E552562%2C%2D6%2E40606%2028%2E932227%2C%2D6%2E40606%20l%205%2E370951%2C0%200%2C12%2E46362%20%2D5%2E891271%2C0%20c%20%2D8%2E14272%2C0%20%2D13%2E456215%2C1%2E26983%20%2D15%2E939406%2C3%2E8086%20%2D2%2E483201%2C2%2E5388%20%2D3%2E724222%2C7%2E87566%20%2D3%2E724222%2C16%2E01131%20l%200%2C21%2E46334%20c%200%2C9%2E00112%20%2D1%2E298856%2C15%2E55185%20%2D3%2E897648%2C19%2E64853%20%2D2%2E598742%2C4%2E09668%20%2D7%2E102959%2C6%2E92385%20%2D13%2E513151%2C8%2E48174%206%2E352486%2C1%2E44249%2010%2E826741%2C4%2E21176%2013%2E425473%2C8%2E30844%202%2E656508%2C4%2E09665%203%2E985326%2C10%2E67344%203%2E985326%2C19%2E73232%20l%200%2C21%2E46524%20c%200%2C8%2E13562%201%2E241021%2C13%2E47253%203%2E724222%2C16%2E01132%202%2E483191%2C2%2E53878%207%2E796686%2C3%2E80861%2015%2E939406%2C3%2E80861%20l%205%2E891271%2C0%200%2C12%2E37601%20%2D5%2E370951%2C0%20c%20%2D14%2E379665%2C0%20%2D24%2E02348%2C%2D2%2E13439%20%2D28%2E932227%2C%2D6%2E40414%20%2D4%2E85098%2C%2D4%2E21208%20%2D7%2E276895%2C%2D12%2E69359%20%2D7%2E276895%2C%2D25%2E44522%20l%200%2C%2D20%2E77207%20c%200%2C%2D8%2E59723%20%2D1%2E558722%2C%2D14%2E56903%20%2D4%2E677184%2C%2D17%2E91562%20%2D3%2E060707%2C%2D3%2E28888%20%2D8%2E719986%2C%2D4%2E93403%20%2D16%2E9781575%2C%2D4%2E93403%20L%205%2C205%2E03355%20A%20195%2E16867%2C194%2E99998%200%200%200%20200%2E0486%2C395%20195%2E16867%2C194%2E99998%200%200%200%20395%2C206%2E11464%20l%20%2D0%2E9606%2C0%20c%20%2D8%2E25818%2C0%20%2D13%2E91741%2C1%2E64515%20%2D16%2E97815%2C4%2E93403%20%2D3%2E11845%2C3%2E34659%20%2D4%2E67718%2C9%2E31839%20%2D4%2E67718%2C17%2E91562%20l%200%2C20%2E77207%20c%200%2C12%2E75163%20%2D2%2E42593%2C21%2E23314%20%2D7%2E27691%2C25%2E44522%20%2D4%2E90872%2C4%2E26975%20%2D14%2E55259%2C6%2E40414%20%2D28%2E93222%2C6%2E40414%20l%20%2D5%2E37095%2C0%200%2C%2D12%2E37601%205%2E89128%2C0%20c%208%2E14269%2C0%2013%2E45618%2C%2D1%2E26983%2015%2E9394%2C%2D3%2E80861%202%2E48321%2C%2D2%2E5388%203%2E72422%2C%2D7%2E8757%203%2E72422%2C%2D16%2E01132%20l%200%2C%2D21%2E46524%20c%200%2C%2D9%2E05888%201%2E32884%2C%2D15%2E63567%203%2E98532%2C%2D19%2E73232%202%2E59875%2C%2D4%2E09668%207%2E07303%2C%2D6%2E86595%2013%2E42547%2C%2D8%2E30844%20%2D6%2E4102%2C%2D1%2E55789%20%2D10%2E9144%2C%2D4%2E38506%20%2D13%2E51314%2C%2D8%2E48174%20%2D2%2E59875%2C%2D4%2E09668%20%2D3%2E89765%2C%2D10%2E64741%20%2D3%2E89765%2C%2D19%2E64853%20l%200%2C%2D21%2E46334%20c%200%2C%2D8%2E13565%20%2D1%2E24101%2C%2D13%2E47251%20%2D3%2E72422%2C%2D16%2E01131%20%2D2%2E48322%2C%2D2%2E53877%20%2D7%2E79671%2C%2D3%2E8086%20%2D15%2E9394%2C%2D3%2E8086%20l%20%2D5%2E89128%2C0%200%2C%2D12%2E46362%205%2E37095%2C0%20c%2014%2E37963%2C0%2024%2E0235%2C2%2E13629%2028%2E93222%2C6%2E40606%204%2E85098%2C4%2E26976%207%2E27691%2C12%2E77927%207%2E27691%2C25%2E5309%20l%200%2C20%20c%200%2C8%2E71266%201%2E55873%2C14%2E74235%204%2E67718%2C18%2E08892%203%2E11848%2C3%2E34657%208%2E7777%2C5%2016%2E97815%2C5%20l%200%2E86338%2C0%20A%20194%2E9514%2C195%200%200%200%20200%2E0486%2C4%2E99996%20Z%22%20style%3D%22fill%3A%233d2c00%22%2F%3E%3Cpath%20d%3D%22m%20249%2E28%2C165%2E168%20q%200%2C23%2E744%20%2D16%2E128%2C36%2E4%20%2D16%2E128%2C12%2E656%20%2D45%2E696%2C12%2E656%20l%20%2D25%2E312%2C0%200%2C67%2E648%20%2D11%2E424%2C0%200%2C%2D163%2E744%2040%2E096%2C0%20q%2058%2E464%2C0%2058%2E464%2C47%2E04%20z%20m%20%2D87%2E136%2C39%2E2%2022%2E512%2C0%20q%2027%2E664%2C0%2039%2E984%2C%2D9%2E128%2012%2E32%2C%2D9%2E128%2012%2E32%2C%2D29%2E624%200%2C%2D18%2E928%20%2D11%2E648%2C%2D28%2E056%20%2D11%2E648%2C%2D9%2E128%20%2D36%2E064%2C%2D9%2E128%20l%20%2D27%2E104%2C0%200%2C75%2E936%20z%22%20style%3D%22fill%3A%23fff%22%2F%3E%3C%2Fsvg%3E","id":"i-M6biqbujir_b56_Zrm_z","name":"predictionservice","properties":{"authenticationType":{"componentProperty":true,"defaultValue":"none","deprecated":false,"description":"Type of authentication used to connect to the API","displayName":"Authentication Type","enum":[{"label":"No Security","value":"none"}],"group":"producer","javaType":"java.lang.String","kind":"property","label":"producer","order":1,"required":false,"secret":false,"tags":["authentication-type"],"type":"hidden"},"basePath":{"componentProperty":true,"defaultValue":"/","deprecated":false,"description":"API basePath for example /v2. Default is unset if set overrides the value present in OpenAPI document.","displayName":"Base path","group":"producer","javaType":"java.lang.String","kind":"property","label":"producer","order":11,"required":true,"secret":false,"type":"string"},"host":{"componentProperty":true,"defaultValue":"http://mock-prediction-citizen-integrator-story.apps.cluster-0858.0858.example.opentlc.com","deprecated":false,"description":"Scheme hostname and port to direct the HTTP requests to in the form of https://hostname:port.","displayName":"Host","group":"producer","javaType":"java.lang.String","kind":"property","label":"producer","order":10,"required":true,"secret":false,"type":"string"},"specification":{"componentProperty":true,"deprecated":false,"description":"OpenAPI document of the service","displayName":"Document","group":"producer","javaType":"java.lang.String","kind":"property","label":"producer","required":true,"secret":false,"tags":["upload","url"],"type":"hidden"}},"version":2},"connectorId":"i-M6biqbujir_b56_Zrm_z","createdDate":1588784321923,"description":"predictionservice","icon":"data:image/svg+xml,%3Csvg%20xmlns%3Asvg%3D%22http%3A%2F%2Fwww%2Ew3%2Eorg%2F2000%2Fsvg%22%20xmlns%3D%22http%3A%2F%2Fwww%2Ew3%2Eorg%2F2000%2Fsvg%22%20width%3D%22400%22%20height%3D%22400%22%3E%3Ccircle%20cx%3D%22200%22%20cy%3D%22200%22%20r%3D%22200%22%20style%3D%22fill%3A%23fff%22%2F%3E%3Cpath%20d%3D%22M%20200%2E0486%2C4%2E99996%20A%20194%2E9514%2C195%200%200%200%205%2E0972058%2C192%2E6378%20l%200%2E8633847%2C0%20c%208%2E2004055%2C0%2013%2E8596845%2C%2D1%2E67314%2016%2E9781575%2C%2D5%203%2E118462%2C%2D3%2E34657%204%2E677184%2C%2D9%2E37626%204%2E677184%2C%2D18%2E08892%20l%200%2C%2D20%2E68637%20c%200%2C%2D12%2E75163%202%2E425915%2C%2D21%2E26114%207%2E276895%2C%2D25%2E5309%204%2E908747%2C%2D4%2E26977%2014%2E552562%2C%2D6%2E40606%2028%2E932227%2C%2D6%2E40606%20l%205%2E370951%2C0%200%2C12%2E46362%20%2D5%2E891271%2C0%20c%20%2D8%2E14272%2C0%20%2D13%2E456215%2C1%2E26983%20%2D15%2E939406%2C3%2E8086%20%2D2%2E483201%2C2%2E5388%20%2D3%2E724222%2C7%2E87566%20%2D3%2E724222%2C16%2E01131%20l%200%2C21%2E46334%20c%200%2C9%2E00112%20%2D1%2E298856%2C15%2E55185%20%2D3%2E897648%2C19%2E64853%20%2D2%2E598742%2C4%2E09668%20%2D7%2E102959%2C6%2E92385%20%2D13%2E513151%2C8%2E48174%206%2E352486%2C1%2E44249%2010%2E826741%2C4%2E21176%2013%2E425473%2C8%2E30844%202%2E656508%2C4%2E09665%203%2E985326%2C10%2E67344%203%2E985326%2C19%2E73232%20l%200%2C21%2E46524%20c%200%2C8%2E13562%201%2E241021%2C13%2E47253%203%2E724222%2C16%2E01132%202%2E483191%2C2%2E53878%207%2E796686%2C3%2E80861%2015%2E939406%2C3%2E80861%20l%205%2E891271%2C0%200%2C12%2E37601%20%2D5%2E370951%2C0%20c%20%2D14%2E379665%2C0%20%2D24%2E02348%2C%2D2%2E13439%20%2D28%2E932227%2C%2D6%2E40414%20%2D4%2E85098%2C%2D4%2E21208%20%2D7%2E276895%2C%2D12%2E69359%20%2D7%2E276895%2C%2D25%2E44522%20l%200%2C%2D20%2E77207%20c%200%2C%2D8%2E59723%20%2D1%2E558722%2C%2D14%2E56903%20%2D4%2E677184%2C%2D17%2E91562%20%2D3%2E060707%2C%2D3%2E28888%20%2D8%2E719986%2C%2D4%2E93403%20%2D16%2E9781575%2C%2D4%2E93403%20L%205%2C205%2E03355%20A%20195%2E16867%2C194%2E99998%200%200%200%20200%2E0486%2C395%20195%2E16867%2C194%2E99998%200%200%200%20395%2C206%2E11464%20l%20%2D0%2E9606%2C0%20c%20%2D8%2E25818%2C0%20%2D13%2E91741%2C1%2E64515%20%2D16%2E97815%2C4%2E93403%20%2D3%2E11845%2C3%2E34659%20%2D4%2E67718%2C9%2E31839%20%2D4%2E67718%2C17%2E91562%20l%200%2C20%2E77207%20c%200%2C12%2E75163%20%2D2%2E42593%2C21%2E23314%20%2D7%2E27691%2C25%2E44522%20%2D4%2E90872%2C4%2E26975%20%2D14%2E55259%2C6%2E40414%20%2D28%2E93222%2C6%2E40414%20l%20%2D5%2E37095%2C0%200%2C%2D12%2E37601%205%2E89128%2C0%20c%208%2E14269%2C0%2013%2E45618%2C%2D1%2E26983%2015%2E9394%2C%2D3%2E80861%202%2E48321%2C%2D2%2E5388%203%2E72422%2C%2D7%2E8757%203%2E72422%2C%2D16%2E01132%20l%200%2C%2D21%2E46524%20c%200%2C%2D9%2E05888%201%2E32884%2C%2D15%2E63567%203%2E98532%2C%2D19%2E73232%202%2E59875%2C%2D4%2E09668%207%2E07303%2C%2D6%2E86595%2013%2E42547%2C%2D8%2E30844%20%2D6%2E4102%2C%2D1%2E55789%20%2D10%2E9144%2C%2D4%2E38506%20%2D13%2E51314%2C%2D8%2E48174%20%2D2%2E59875%2C%2D4%2E09668%20%2D3%2E89765%2C%2D10%2E64741%20%2D3%2E89765%2C%2D19%2E64853%20l%200%2C%2D21%2E46334%20c%200%2C%2D8%2E13565%20%2D1%2E24101%2C%2D13%2E47251%20%2D3%2E72422%2C%2D16%2E01131%20%2D2%2E48322%2C%2D2%2E53877%20%2D7%2E79671%2C%2D3%2E8086%20%2D15%2E9394%2C%2D3%2E8086%20l%20%2D5%2E89128%2C0%200%2C%2D12%2E46362%205%2E37095%2C0%20c%2014%2E37963%2C0%2024%2E0235%2C2%2E13629%2028%2E93222%2C6%2E40606%204%2E85098%2C4%2E26976%207%2E27691%2C12%2E77927%207%2E27691%2C25%2E5309%20l%200%2C20%20c%200%2C8%2E71266%201%2E55873%2C14%2E74235%204%2E67718%2C18%2E08892%203%2E11848%2C3%2E34657%208%2E7777%2C5%2016%2E97815%2C5%20l%200%2E86338%2C0%20A%20194%2E9514%2C195%200%200%200%20200%2E0486%2C4%2E99996%20Z%22%20style%3D%22fill%3A%233d2c00%22%2F%3E%3Cpath%20d%3D%22m%20249%2E28%2C165%2E168%20q%200%2C23%2E744%20%2D16%2E128%2C36%2E4%20%2D16%2E128%2C12%2E656%20%2D45%2E696%2C12%2E656%20l%20%2D25%2E312%2C0%200%2C67%2E648%20%2D11%2E424%2C0%200%2C%2D163%2E744%2040%2E096%2C0%20q%2058%2E464%2C0%2058%2E464%2C47%2E04%20z%20m%20%2D87%2E136%2C39%2E2%2022%2E512%2C0%20q%2027%2E664%2C0%2039%2E984%2C%2D9%2E128%2012%2E32%2C%2D9%2E128%2012%2E32%2C%2D29%2E624%200%2C%2D18%2E928%20%2D11%2E648%2C%2D28%2E056%20%2D11%2E648%2C%2D9%2E128%20%2D36%2E064%2C%2D9%2E128%20l%20%2D27%2E104%2C0%200%2C75%2E936%20z%22%20style%3D%22fill%3A%23fff%22%2F%3E%3C%2Fsvg%3E","id":"i-M6evCL6V0jHxsk2l5ziz","isDerived":false,"lastUpdated":1588784321923,"name":"predictionservice","userId":"opentlc-mgr","uses":0}},"connectors":{":i-M6biqbujir_b56_Zrm_z":{"actions":[{"actionType":"connector","description":"Auto generated using Swagger Inspector","descriptor":{"configuredProperties":{"operationId":"35d36951-147e-4aab-b029-63d57bc76a1f"},"connectorId":"i-M6biqbujir_b56_Zrm_z","inputDataShape":{"description":"API request payload","kind":"json-schema","metadata":{"unified":"true"},"name":"Request","specification":"{\"$schema\":\"http://json-schema.org/schema#\",\"type\":\"object\",\"$id\":\"io:syndesis:wrapped\",\"properties\":{\"parameters\":{\"type\":\"object\",\"properties\":{\"custId\":{\"type\":\"string\",\"title\":\"custId\"}}}}}"},"outputDataShape":{"description":"API response payload","kind":"json-schema","metadata":{"unified":"true"},"name":"Response","specification":"{\"$schema\":\"http://json-schema.org/schema#\",\"type\":\"object\",\"$id\":\"io:syndesis:wrapped\",\"properties\":{\"body\":{\"type\":\"object\",\"properties\":{\"prediction\":{\"type\":\"string\"}}}}}"}},"id":"i-M6biqbujir_b56_Zrm_z:35d36951-147e-4aab-b029-63d57bc76a1f","name":"GET /predict","pattern":"To"}],"componentScheme":"rest-openapi","configuredProperties":{"authenticationType":"none","componentName":"connector-rest-swagger-http4","specification":"{\"openapi\":\"3.0.1\",\"servers\":[{\"url\":\"http://mock-prediction-citizen-integrator-story.apps.cluster-0858.0858.example.opentlc.com/\"}],\"paths\":{\"/predict\":{\"servers\":[{\"url\":\"http://mock-prediction-citizen-integrator-story.apps.cluster-0858.0858.example.opentlc.com/\"}],\"get\":{\"parameters\":[{\"example\":\"CUST\",\"name\":\"custId\",\"schema\":{\"type\":\"string\"},\"in\":\"query\"}],\"operationId\":\"35d36951-147e-4aab-b029-63d57bc76a1f\"}}}}"},"connectorCustomizers":["io.syndesis.connector.rest.swagger.SpecificationResourceCustomizer","io.syndesis.connector.rest.swagger.AuthenticationCustomizer","io.syndesis.connector.rest.swagger.RequestCustomizer","io.syndesis.connector.rest.swagger.ResponseCustomizer"],"connectorFactory":"io.syndesis.connector.rest.swagger.ConnectorFactory","connectorGroup":{"id":"swagger-connector-template"},"connectorGroupId":"swagger-connector-template","dependencies":[{"id":"io.syndesis.connector:connector-rest-swagger:1.9.0.fuse-760020-redhat-00001","type":"MAVEN"},{"id":"org.apache.camel:camel-rest-openapi:2.23.2.fuse-760030-redhat-00001","type":"MAVEN"},{"id":"org.apache.camel:camel-http4:2.23.2.fuse-760030-redhat-00001","type":"MAVEN"}],"description":"predictionservice","icon":"data:image/svg+xml,%3Csvg%20xmlns%3Asvg%3D%22http%3A%2F%2Fwww%2Ew3%2Eorg%2F2000%2Fsvg%22%20xmlns%3D%22http%3A%2F%2Fwww%2Ew3%2Eorg%2F2000%2Fsvg%22%20width%3D%22400%22%20height%3D%22400%22%3E%3Ccircle%20cx%3D%22200%22%20cy%3D%22200%22%20r%3D%22200%22%20style%3D%22fill%3A%23fff%22%2F%3E%3Cpath%20d%3D%22M%20200%2E0486%2C4%2E99996%20A%20194%2E9514%2C195%200%200%200%205%2E0972058%2C192%2E6378%20l%200%2E8633847%2C0%20c%208%2E2004055%2C0%2013%2E8596845%2C%2D1%2E67314%2016%2E9781575%2C%2D5%203%2E118462%2C%2D3%2E34657%204%2E677184%2C%2D9%2E37626%204%2E677184%2C%2D18%2E08892%20l%200%2C%2D20%2E68637%20c%200%2C%2D12%2E75163%202%2E425915%2C%2D21%2E26114%207%2E276895%2C%2D25%2E5309%204%2E908747%2C%2D4%2E26977%2014%2E552562%2C%2D6%2E40606%2028%2E932227%2C%2D6%2E40606%20l%205%2E370951%2C0%200%2C12%2E46362%20%2D5%2E891271%2C0%20c%20%2D8%2E14272%2C0%20%2D13%2E456215%2C1%2E26983%20%2D15%2E939406%2C3%2E8086%20%2D2%2E483201%2C2%2E5388%20%2D3%2E724222%2C7%2E87566%20%2D3%2E724222%2C16%2E01131%20l%200%2C21%2E46334%20c%200%2C9%2E00112%20%2D1%2E298856%2C15%2E55185%20%2D3%2E897648%2C19%2E64853%20%2D2%2E598742%2C4%2E09668%20%2D7%2E102959%2C6%2E92385%20%2D13%2E513151%2C8%2E48174%206%2E352486%2C1%2E44249%2010%2E826741%2C4%2E21176%2013%2E425473%2C8%2E30844%202%2E656508%2C4%2E09665%203%2E985326%2C10%2E67344%203%2E985326%2C19%2E73232%20l%200%2C21%2E46524%20c%200%2C8%2E13562%201%2E241021%2C13%2E47253%203%2E724222%2C16%2E01132%202%2E483191%2C2%2E53878%207%2E796686%2C3%2E80861%2015%2E939406%2C3%2E80861%20l%205%2E891271%2C0%200%2C12%2E37601%20%2D5%2E370951%2C0%20c%20%2D14%2E379665%2C0%20%2D24%2E02348%2C%2D2%2E13439%20%2D28%2E932227%2C%2D6%2E40414%20%2D4%2E85098%2C%2D4%2E21208%20%2D7%2E276895%2C%2D12%2E69359%20%2D7%2E276895%2C%2D25%2E44522%20l%200%2C%2D20%2E77207%20c%200%2C%2D8%2E59723%20%2D1%2E558722%2C%2D14%2E56903%20%2D4%2E677184%2C%2D17%2E91562%20%2D3%2E060707%2C%2D3%2E28888%20%2D8%2E719986%2C%2D4%2E93403%20%2D16%2E9781575%2C%2D4%2E93403%20L%205%2C205%2E03355%20A%20195%2E16867%2C194%2E99998%200%200%200%20200%2E0486%2C395%20195%2E16867%2C194%2E99998%200%200%200%20395%2C206%2E11464%20l%20%2D0%2E9606%2C0%20c%20%2D8%2E25818%2C0%20%2D13%2E91741%2C1%2E64515%20%2D16%2E97815%2C4%2E93403%20%2D3%2E11845%2C3%2E34659%20%2D4%2E67718%2C9%2E31839%20%2D4%2E67718%2C17%2E91562%20l%200%2C20%2E77207%20c%200%2C12%2E75163%20%2D2%2E42593%2C21%2E23314%20%2D7%2E27691%2C25%2E44522%20%2D4%2E90872%2C4%2E26975%20%2D14%2E55259%2C6%2E40414%20%2D28%2E93222%2C6%2E40414%20l%20%2D5%2E37095%2C0%200%2C%2D12%2E37601%205%2E89128%2C0%20c%208%2E14269%2C0%2013%2E45618%2C%2D1%2E26983%2015%2E9394%2C%2D3%2E80861%202%2E48321%2C%2D2%2E5388%203%2E72422%2C%2D7%2E8757%203%2E72422%2C%2D16%2E01132%20l%200%2C%2D21%2E46524%20c%200%2C%2D9%2E05888%201%2E32884%2C%2D15%2E63567%203%2E98532%2C%2D19%2E73232%202%2E59875%2C%2D4%2E09668%207%2E07303%2C%2D6%2E86595%2013%2E42547%2C%2D8%2E30844%20%2D6%2E4102%2C%2D1%2E55789%20%2D10%2E9144%2C%2D4%2E38506%20%2D13%2E51314%2C%2D8%2E48174%20%2D2%2E59875%2C%2D4%2E09668%20%2D3%2E89765%2C%2D10%2E64741%20%2D3%2E89765%2C%2D19%2E64853%20l%200%2C%2D21%2E46334%20c%200%2C%2D8%2E13565%20%2D1%2E24101%2C%2D13%2E47251%20%2D3%2E72422%2C%2D16%2E01131%20%2D2%2E48322%2C%2D2%2E53877%20%2D7%2E79671%2C%2D3%2E8086%20%2D15%2E9394%2C%2D3%2E8086%20l%20%2D5%2E89128%2C0%200%2C%2D12%2E46362%205%2E37095%2C0%20c%2014%2E37963%2C0%2024%2E0235%2C2%2E13629%2028%2E93222%2C6%2E40606%204%2E85098%2C4%2E26976%207%2E27691%2C12%2E77927%207%2E27691%2C25%2E5309%20l%200%2C20%20c%200%2C8%2E71266%201%2E55873%2C14%2E74235%204%2E67718%2C18%2E08892%203%2E11848%2C3%2E34657%208%2E7777%2C5%2016%2E97815%2C5%20l%200%2E86338%2C0%20A%20194%2E9514%2C195%200%200%200%20200%2E0486%2C4%2E99996%20Z%22%20style%3D%22fill%3A%233d2c00%22%2F%3E%3Cpath%20d%3D%22m%20249%2E28%2C165%2E168%20q%200%2C23%2E744%20%2D16%2E128%2C36%2E4%20%2D16%2E128%2C12%2E656%20%2D45%2E696%2C12%2E656%20l%20%2D25%2E312%2C0%200%2C67%2E648%20%2D11%2E424%2C0%200%2C%2D163%2E744%2040%2E096%2C0%20q%2058%2E464%2C0%2058%2E464%2C47%2E04%20z%20m%20%2D87%2E136%2C39%2E2%2022%2E512%2C0%20q%2027%2E664%2C0%2039%2E984%2C%2D9%2E128%2012%2E32%2C%2D9%2E128%2012%2E32%2C%2D29%2E624%200%2C%2D18%2E928%20%2D11%2E648%2C%2D28%2E056%20%2D11%2E648%2C%2D9%2E128%20%2D36%2E064%2C%2D9%2E128%20l%20%2D27%2E104%2C0%200%2C75%2E936%20z%22%20style%3D%22fill%3A%23fff%22%2F%3E%3C%2Fsvg%3E","id":"i-M6biqbujir_b56_Zrm_z","name":"predictionservice","properties":{"authenticationType":{"componentProperty":true,"defaultValue":"none","deprecated":false,"description":"Type of authentication used to connect to the API","displayName":"Authentication Type","enum":[{"label":"No Security","value":"none"}],"group":"producer","javaType":"java.lang.String","kind":"property","label":"producer","order":1,"required":false,"secret":false,"tags":["authentication-type"],"type":"hidden"},"basePath":{"componentProperty":true,"defaultValue":"/","deprecated":false,"description":"API basePath for example /v2. Default is unset if set overrides the value present in OpenAPI document.","displayName":"Base path","group":"producer","javaType":"java.lang.String","kind":"property","label":"producer","order":11,"required":true,"secret":false,"type":"string"},"host":{"componentProperty":true,"defaultValue":"http://mock-prediction-citizen-integrator-story.apps.cluster-0858.0858.example.opentlc.com","deprecated":false,"description":"Scheme hostname and port to direct the HTTP requests to in the form of https://hostname:port.","displayName":"Host","group":"producer","javaType":"java.lang.String","kind":"property","label":"producer","order":10,"required":true,"secret":false,"type":"string"},"specification":{"componentProperty":true,"deprecated":false,"description":"OpenAPI document of the service","displayName":"Document","group":"producer","javaType":"java.lang.String","kind":"property","label":"producer","required":true,"secret":false,"tags":["upload","url"],"type":"hidden"}},"version":2},":kafka":{"actions":[{"actionType":"connector","description":"Publish data to the Kafka topic that you select.","descriptor":{"inputDataShape":{"kind":"any"},"outputDataShape":{"kind":"none"},"propertyDefinitionSteps":[{"description":"Specify Kafka topic name","name":"Select the Kafka topic","properties":{"topic":{"componentProperty":false,"deprecated":false,"displayName":"Topic Name","group":"common","javaType":"java.lang.String","kind":"path","labelHint":"Select the Kafka topic to send data to.","order":1,"required":true,"secret":false,"type":"string"}}}]},"id":"io.syndesis:kafka-publish-action","name":"Publish","pattern":"To","tags":["dynamic"]},{"actionType":"connector","description":"Receive data from the Kafka topic that you select.","descriptor":{"inputDataShape":{"kind":"none"},"outputDataShape":{"kind":"any"},"propertyDefinitionSteps":[{"description":"Select the Kafka topic name","name":"Select the Kafka topic","properties":{"topic":{"componentProperty":false,"deprecated":false,"displayName":"Topic Name","group":"common","javaType":"java.lang.String","kind":"path","labelHint":"Select the Kafka topic to receive data from.","order":1,"required":true,"secret":false,"type":"string"}}}]},"id":"io.syndesis:kafka-subscribe-action","name":"Subscribe","pattern":"From","tags":["dynamic"]}],"componentScheme":"kafka","dependencies":[{"id":"io.syndesis.connector:connector-kafka:1.9.0.fuse-760020-redhat-00001","type":"MAVEN"}],"description":"Subscribe for and publish messages","icon":"assets:kafka.svg","id":"kafka","name":"Kafka Message Broker","properties":{"brokers":{"componentProperty":true,"deprecated":false,"displayName":"Kafka Broker URIs","group":"common","javaType":"java.lang.String","kind":"property","label":"common","labelHint":"Comma separated list of Kafka broker URIs in the form host:port. Note that SSL URIs are not supported at this time and will cause an OOM at connection verification (see also https://issues.apache.org/jira/browse/KAFKA-4090)","order":1,"required":true,"secret":false,"type":"typeahead"}},"tags":["dynamic","verifier"],"version":3},":sql":{"actions":[{"actionType":"connector","description":"Invoke SQL to obtain, store, update, or delete data.","descriptor":{"componentScheme":"sql","connectorCustomizers":["io.syndesis.connector.sql.customizer.SqlConnectorCustomizer"],"inputDataShape":{"kind":"json-schema"},"outputDataShape":{"kind":"json-schema"},"propertyDefinitionSteps":[{"description":"Enter a SQL statement that starts with INSERT, SELECT, UPDATE or DELETE.","name":"SQL statement","properties":{"batch":{"defaultValue":"false","deprecated":false,"displayName":"Batch update","group":"common","javaType":"java.lang.Boolean","kind":"property","labelHint":"Use prepared statements for INSERT, UPDATE, DELETE in order to update multiple rows with batch update.","order":2,"required":false,"secret":false,"type":"boolean"},"query":{"deprecated":false,"displayName":"SQL statement","group":"common","javaType":"java.lang.String","kind":"path","labelHint":"SQL statement to be executed. Can contain input parameters prefixed by ':#'.","order":1,"placeholder":"for example ':#MYPARAMNAME'","required":true,"secret":false,"type":"dataList"},"raiseErrorOnNotFound":{"defaultValue":"false","deprecated":false,"displayName":"Raise error when record not found","group":"common","javaType":"java.lang.Boolean","kind":"property","labelHint":"Error when no records are selected, updated or deleted","order":3,"required":false,"secret":false,"type":"boolean"}}}],"standardizedErrors":[{"displayName":"SqlDataAccessError","name":"SQL_DATA_ACCESS_ERROR"},{"displayName":"SqlEntityNotFoundError","name":"SQL_ENTITY_NOT_FOUND_ERROR"},{"displayName":"SqlConnectorError","name":"SQL_CONNECTOR_ERROR"}]},"id":"sql-connector","name":"Invoke SQL","pattern":"To","tags":["dynamic"]},{"actionType":"connector","description":"Periodically invoke SQL to obtain data.","descriptor":{"componentScheme":"sql","connectorCustomizers":["io.syndesis.connector.sql.customizer.SqlStartConnectorCustomizer"],"inputDataShape":{"kind":"none"},"outputDataShape":{"kind":"json-schema"},"propertyDefinitionSteps":[{"description":"Enter a SQL statement that returns results, such as SELECT.","name":"SQL statement","properties":{"isRaiseErrorOnNotFound":{"deprecated":false,"displayName":"Raise NotFoundError","group":"consumer","javaType":"java.lang.Boolean","kind":"parameter","labelHint":"Raise NotFoundError if no records are inserted, updated, selected or deleted","order":3,"required":false,"secret":false,"type":"boolean"},"query":{"deprecated":false,"displayName":"SQL statement","group":"common","javaType":"java.lang.String","kind":"path","labelHint":"SQL statement to be executed.","order":1,"required":true,"secret":false,"type":"dataList"},"schedulerExpression":{"defaultValue":"60000","deprecated":false,"displayName":"Period","group":"consumer","javaType":"long","kind":"parameter","labelHint":"Delay between scheduling (executing).","order":2,"required":false,"secret":false,"type":"duration"}}}]},"id":"sql-start-connector","name":"Periodic SQL invocation","pattern":"From","tags":["dynamic"]},{"actionType":"connector","description":"Invoke a stored procedure.","descriptor":{"componentScheme":"sql-stored","connectorCustomizers":["io.syndesis.connector.sql.customizer.SqlStoredConnectorCustomizer"],"inputDataShape":{"kind":"json-schema"},"outputDataShape":{"kind":"json-schema"},"propertyDefinitionSteps":[{"description":"Select the stored procedure.","name":"Procedure name","properties":{"procedureName":{"componentProperty":true,"deprecated":false,"displayName":"Procedure name","group":"common","javaType":"java.lang.String","kind":"property","labelHint":"Name of the stored procedure.","required":false,"secret":false,"type":"select"},"template":{"componentProperty":false,"deprecated":false,"displayName":"Template","group":"producer","javaType":"java.lang.String","kind":"path","labelHint":"Stored procedure template to perform.","required":false,"secret":false,"type":"hidden"}}}]},"id":"sql-stored-connector","name":"Invoke stored procedure","pattern":"To","tags":["dynamic"]},{"actionType":"connector","description":"Periodically invoke a stored procedure.","descriptor":{"componentScheme":"sql-stored","connectorCustomizers":["io.syndesis.connector.sql.customizer.SqlStartStoredConnectorCustomizer"],"inputDataShape":{"kind":"none"},"outputDataShape":{"kind":"json-schema"},"propertyDefinitionSteps":[{"description":"Select the stored procedure.","name":"Procedure name","properties":{"procedureName":{"componentProperty":true,"deprecated":false,"displayName":"Procedure name","group":"producer","javaType":"java.lang.String","kind":"path","labelHint":"Name of the stored procedure.","required":true,"secret":false,"type":"select"},"schedulerExpression":{"defaultValue":"60000","deprecated":false,"displayName":"Period","group":"consumer","javaType":"long","kind":"parameter","labelHint":"Delay between scheduling (executing).","required":false,"secret":false,"type":"duration"},"template":{"componentProperty":false,"deprecated":false,"displayName":"Template","group":"producer","javaType":"java.lang.String","kind":"path","labelHint":"Stored Procedure template to perform.","required":true,"secret":false,"type":"hidden"}}}]},"id":"sql-stored-start-connector","name":"Periodic stored procedure invocation","pattern":"From","tags":["dynamic"]}],"connectorCustomizers":["io.syndesis.connector.sql.customizer.DataSourceCustomizer"],"dependencies":[{"id":"io.syndesis.connector:connector-sql:1.9.0.fuse-760020-redhat-00001","type":"MAVEN"},{"id":"jdbc-driver","type":"EXTENSION_TAG"}],"description":"Invoke SQL to obtain, store, update, or delete data.","icon":"assets:sql.svg","id":"sql","name":"Database","properties":{"password":{"componentProperty":true,"deprecated":false,"displayName":"Password","group":"security","javaType":"java.lang.String","kind":"property","label":"common,security","labelHint":"Password for the database connection.","order":3,"required":true,"secret":true,"type":"string"},"schema":{"componentProperty":true,"deprecated":false,"displayName":"Schema","group":"common","javaType":"java.lang.String","kind":"property","label":"common","labelHint":"Database schema.","order":4,"required":false,"secret":false,"type":"string"},"url":{"componentProperty":true,"deprecated":false,"displayName":"Connection URL","group":"common","javaType":"java.lang.String","kind":"property","labelHint":"JDBC URL of the database.","order":1,"required":true,"secret":false,"type":"string"},"user":{"componentProperty":true,"deprecated":false,"displayName":"Username","group":"common","javaType":"java.lang.String","kind":"property","labelHint":"Username for the database connection.","order":2,"required":true,"secret":false,"type":"string"}},"tags":["verifier"],"version":3}},"integrations":{":i-M6euxAEV0jHxsk2l5zgz":{"createdAt":1588784255694,"flows":[{"id":"-M6eqrA2Pu6uvFvKdR9T","steps":[{"action":{"actionType":"connector","description":"Receive data from the Kafka topic that you select.","descriptor":{"inputDataShape":{"kind":"none"},"outputDataShape":{"kind":"json-instance","metadata":{"userDefined":"true"},"specification":"{\"eventValue\": \"MERCHANDISE\", \"eventSource\": \"POS\",\"custId\":\"CUST898920\"}"},"propertyDefinitionSteps":[{"name":"Select the Kafka topic","properties":{"topic":{"componentProperty":false,"defaultValue":"event-input-stream","deprecated":false,"displayName":"Topic Name","enum":[{"label":"event-input-stream","value":"event-input-stream"}],"group":"common","javaType":"java.lang.String","kind":"path","labelHint":"Select the Kafka topic to receive data from.","order":1,"required":true,"secret":false,"type":"string"}}}]},"id":"io.syndesis:kafka-subscribe-action","name":"Subscribe","pattern":"From","tags":["dynamic"]},"configuredProperties":{"topic":"event-input-stream"},"connection":{"configuredProperties":{"brokers":"my-cluster-kafka-brokers:9092"},"connector":{"actions":[{"actionType":"connector","description":"Publish data to the Kafka topic that you select.","descriptor":{"inputDataShape":{"kind":"any"},"outputDataShape":{"kind":"none"},"propertyDefinitionSteps":[{"description":"Specify Kafka topic name","name":"Select the Kafka topic","properties":{"topic":{"componentProperty":false,"deprecated":false,"displayName":"Topic Name","group":"common","javaType":"java.lang.String","kind":"path","labelHint":"Select the Kafka topic to send data to.","order":1,"required":true,"secret":false,"type":"string"}}}]},"id":"io.syndesis:kafka-publish-action","name":"Publish","pattern":"To","tags":["dynamic"]},{"actionType":"connector","description":"Receive data from the Kafka topic that you select.","descriptor":{"inputDataShape":{"kind":"none"},"outputDataShape":{"kind":"any"},"propertyDefinitionSteps":[{"description":"Select the Kafka topic name","name":"Select the Kafka topic","properties":{"topic":{"componentProperty":false,"deprecated":false,"displayName":"Topic Name","group":"common","javaType":"java.lang.String","kind":"path","labelHint":"Select the Kafka topic to receive data from.","order":1,"required":true,"secret":false,"type":"string"}}}]},"id":"io.syndesis:kafka-subscribe-action","name":"Subscribe","pattern":"From","tags":["dynamic"]}],"componentScheme":"kafka","dependencies":[{"id":"io.syndesis.connector:connector-kafka:1.9.0.fuse-760020-redhat-00001","type":"MAVEN"}],"description":"Subscribe for and publish messages","icon":"assets:kafka.svg","id":"kafka","name":"Kafka Message Broker","properties":{"brokers":{"componentProperty":true,"deprecated":false,"displayName":"Kafka Broker URIs","group":"common","javaType":"java.lang.String","kind":"property","label":"common","labelHint":"Comma separated list of Kafka broker URIs in the form host:port. Note that SSL URIs are not supported at this time and will cause an OOM at connection verification (see also https://issues.apache.org/jira/browse/KAFKA-4090)","order":1,"required":true,"secret":false,"type":"typeahead"}},"tags":["dynamic","verifier"],"version":3},"connectorId":"kafka","createdDate":1588730979772,"description":"Subscribe for and publish messages","icon":"assets:kafka.svg","id":"i-M6bjiLyjir_b56_Zrmaz","isDerived":false,"lastUpdated":1588730979772,"name":"Kafka Message Broker","userId":"opentlc-mgr","uses":0},"id":"-M6erxTyPu6uvFvKdR9T","metadata":{"configured":"true"},"stepKind":"endpoint"},{"action":{"actionType":"step","descriptor":{"inputDataShape":{"kind":"any","name":"All preceding outputs"},"outputDataShape":{"description":"Parameters of SQL [select * from portfolio where custId=:#custId]","kind":"json-schema","metadata":{"variant":"element"},"name":"SQL Parameter","specification":"{\"type\":\"object\",\"$schema\":\"http://json-schema.org/schema#\",\"title\":\"SQL_PARAM_IN\",\"properties\":{\"custId\":{\"type\":\"string\",\"required\":true}}}","type":"SQL_PARAM_IN"}}},"configuredProperties":{"atlasmapping":"{\"AtlasMapping\":{\"jsonType\":\"io.atlasmap.v2.AtlasMapping\",\"dataSource\":[{\"jsonType\":\"io.atlasmap.json.v2.JsonDataSource\",\"id\":\"-M6erxTyPu6uvFvKdR9T\",\"uri\":\"atlas:json:-M6erxTyPu6uvFvKdR9T\",\"dataSourceType\":\"SOURCE\"},{\"jsonType\":\"io.atlasmap.json.v2.JsonDataSource\",\"id\":\"-M6euPy_Pu6uvFvKdR9T\",\"uri\":\"atlas:json:-M6euPy_Pu6uvFvKdR9T\",\"dataSourceType\":\"TARGET\",\"template\":null}],\"mappings\":{\"mapping\":[{\"jsonType\":\"io.atlasmap.v2.Mapping\",\"id\":\"mapping.261304\",\"inputField\":[{\"jsonType\":\"io.atlasmap.json.v2.JsonField\",\"name\":\"custId\",\"path\":\"/custId\",\"fieldType\":\"STRING\",\"docId\":\"-M6erxTyPu6uvFvKdR9T\",\"userCreated\":false}],\"outputField\":[{\"jsonType\":\"io.atlasmap.json.v2.JsonField\",\"name\":\"custId\",\"path\":\"/custId\",\"fieldType\":\"STRING\",\"docId\":\"-M6euPy_Pu6uvFvKdR9T\",\"userCreated\":false}]}]},\"name\":\"UI.0\",\"lookupTables\":{\"lookupTable\":[]},\"constants\":{\"constant\":[]},\"properties\":{\"property\":[]}}}"},"id":"-M6ewEG3Pu6uvFvKdR9Y","metadata":{"configured":"true"},"name":"Data Mapper","stepKind":"mapper"},{"action":{"actionType":"connector","description":"Invoke SQL to obtain, store, update, or delete data.","descriptor":{"componentScheme":"sql","connectorCustomizers":["io.syndesis.connector.sql.customizer.SqlConnectorCustomizer"],"inputDataShape":{"description":"Parameters of SQL [select * from portfolio where custId=:#custId]","kind":"json-schema","metadata":{"variant":"element"},"name":"SQL Parameter","specification":"{\"type\":\"object\",\"$schema\":\"http://json-schema.org/schema#\",\"title\":\"SQL_PARAM_IN\",\"properties\":{\"custId\":{\"type\":\"string\",\"required\":true}}}","type":"SQL_PARAM_IN"},"outputDataShape":{"description":"Result of SQL [select * from portfolio where custId=:#custId]","kind":"json-schema","metadata":{"variant":"collection"},"name":"SQL Result","specification":"{\"type\":\"array\",\"$schema\":\"http://json-schema.org/schema#\",\"items\":{\"type\":\"object\",\"title\":\"SQL_PARAM_OUT\",\"properties\":{\"custId\":{\"type\":\"string\",\"required\":true},\"txnType\":{\"type\":\"string\",\"required\":true},\"income\":{\"type\":\"number\",\"required\":true},\"customerClass\":{\"type\":\"string\",\"required\":true},\"age\":{\"type\":\"number\",\"required\":true}}}}","type":"SQL_PARAM_OUT"},"propertyDefinitionSteps":[{"name":"SQL statement","properties":{"batch":{"defaultValue":"false","deprecated":false,"displayName":"Batch update","group":"common","javaType":"java.lang.Boolean","kind":"property","labelHint":"Use prepared statements for INSERT, UPDATE, DELETE in order to update multiple rows with batch update.","order":2,"required":false,"secret":false,"type":"boolean"},"query":{"dataList":["select * from portfolio where custId=:#custId"],"defaultValue":"select * from portfolio where custId=:#custId","deprecated":false,"displayName":"SQL statement","group":"common","javaType":"java.lang.String","kind":"path","labelHint":"SQL statement to be executed. Can contain input parameters prefixed by ':#'.","order":1,"placeholder":"for example ':#MYPARAMNAME'","required":true,"secret":false,"type":"dataList"},"raiseErrorOnNotFound":{"defaultValue":"false","deprecated":false,"displayName":"Raise error when record not found","group":"common","javaType":"java.lang.Boolean","kind":"property","labelHint":"Error when no records are selected, updated or deleted","order":3,"required":false,"secret":false,"type":"boolean"}}}],"standardizedErrors":[{"displayName":"SqlDataAccessError","name":"SQL_DATA_ACCESS_ERROR"},{"displayName":"SqlEntityNotFoundError","name":"SQL_ENTITY_NOT_FOUND_ERROR"},{"displayName":"SqlConnectorError","name":"SQL_CONNECTOR_ERROR"}]},"id":"sql-connector","name":"Invoke SQL","pattern":"To","tags":["dynamic"]},"configuredProperties":{"batch":"false","query":"select * from portfolio where custId=:#custId","raiseErrorOnNotFound":"false"},"connection":{"configuredProperties":{"password":"»ENC:6dbf8e91f8ae1b7defa9460cb13ed15898dd32a7b3e8311aaa5d0999a40927a2","schema":"portfolio","url":"jdbc:teiid:portfolio@mm://172.30.238.229:31000","user":"user"},"connector":{"actions":[{"actionType":"connector","description":"Invoke SQL to obtain, store, update, or delete data.","descriptor":{"componentScheme":"sql","connectorCustomizers":["io.syndesis.connector.sql.customizer.SqlConnectorCustomizer"],"inputDataShape":{"kind":"json-schema"},"outputDataShape":{"kind":"json-schema"},"propertyDefinitionSteps":[{"description":"Enter a SQL statement that starts with INSERT, SELECT, UPDATE or DELETE.","name":"SQL statement","properties":{"batch":{"defaultValue":"false","deprecated":false,"displayName":"Batch update","group":"common","javaType":"java.lang.Boolean","kind":"property","labelHint":"Use prepared statements for INSERT, UPDATE, DELETE in order to update multiple rows with batch update.","order":2,"required":false,"secret":false,"type":"boolean"},"query":{"deprecated":false,"displayName":"SQL statement","group":"common","javaType":"java.lang.String","kind":"path","labelHint":"SQL statement to be executed. Can contain input parameters prefixed by ':#'.","order":1,"placeholder":"for example ':#MYPARAMNAME'","required":true,"secret":false,"type":"dataList"},"raiseErrorOnNotFound":{"defaultValue":"false","deprecated":false,"displayName":"Raise error when record not found","group":"common","javaType":"java.lang.Boolean","kind":"property","labelHint":"Error when no records are selected, updated or deleted","order":3,"required":false,"secret":false,"type":"boolean"}}}],"standardizedErrors":[{"displayName":"SqlDataAccessError","name":"SQL_DATA_ACCESS_ERROR"},{"displayName":"SqlEntityNotFoundError","name":"SQL_ENTITY_NOT_FOUND_ERROR"},{"displayName":"SqlConnectorError","name":"SQL_CONNECTOR_ERROR"}]},"id":"sql-connector","name":"Invoke SQL","pattern":"To","tags":["dynamic"]},{"actionType":"connector","description":"Periodically invoke SQL to obtain data.","descriptor":{"componentScheme":"sql","connectorCustomizers":["io.syndesis.connector.sql.customizer.SqlStartConnectorCustomizer"],"inputDataShape":{"kind":"none"},"outputDataShape":{"kind":"json-schema"},"propertyDefinitionSteps":[{"description":"Enter a SQL statement that returns results, such as SELECT.","name":"SQL statement","properties":{"isRaiseErrorOnNotFound":{"deprecated":false,"displayName":"Raise NotFoundError","group":"consumer","javaType":"java.lang.Boolean","kind":"parameter","labelHint":"Raise NotFoundError if no records are inserted, updated, selected or deleted","order":3,"required":false,"secret":false,"type":"boolean"},"query":{"deprecated":false,"displayName":"SQL statement","group":"common","javaType":"java.lang.String","kind":"path","labelHint":"SQL statement to be executed.","order":1,"required":true,"secret":false,"type":"dataList"},"schedulerExpression":{"defaultValue":"60000","deprecated":false,"displayName":"Period","group":"consumer","javaType":"long","kind":"parameter","labelHint":"Delay between scheduling (executing).","order":2,"required":false,"secret":false,"type":"duration"}}}]},"id":"sql-start-connector","name":"Periodic SQL invocation","pattern":"From","tags":["dynamic"]},{"actionType":"connector","description":"Invoke a stored procedure.","descriptor":{"componentScheme":"sql-stored","connectorCustomizers":["io.syndesis.connector.sql.customizer.SqlStoredConnectorCustomizer"],"inputDataShape":{"kind":"json-schema"},"outputDataShape":{"kind":"json-schema"},"propertyDefinitionSteps":[{"description":"Select the stored procedure.","name":"Procedure name","properties":{"procedureName":{"componentProperty":true,"deprecated":false,"displayName":"Procedure name","group":"common","javaType":"java.lang.String","kind":"property","labelHint":"Name of the stored procedure.","required":false,"secret":false,"type":"select"},"template":{"componentProperty":false,"deprecated":false,"displayName":"Template","group":"producer","javaType":"java.lang.String","kind":"path","labelHint":"Stored procedure template to perform.","required":false,"secret":false,"type":"hidden"}}}]},"id":"sql-stored-connector","name":"Invoke stored procedure","pattern":"To","tags":["dynamic"]},{"actionType":"connector","description":"Periodically invoke a stored procedure.","descriptor":{"componentScheme":"sql-stored","connectorCustomizers":["io.syndesis.connector.sql.customizer.SqlStartStoredConnectorCustomizer"],"inputDataShape":{"kind":"none"},"outputDataShape":{"kind":"json-schema"},"propertyDefinitionSteps":[{"description":"Select the stored procedure.","name":"Procedure name","properties":{"procedureName":{"componentProperty":true,"deprecated":false,"displayName":"Procedure name","group":"producer","javaType":"java.lang.String","kind":"path","labelHint":"Name of the stored procedure.","required":true,"secret":false,"type":"select"},"schedulerExpression":{"defaultValue":"60000","deprecated":false,"displayName":"Period","group":"consumer","javaType":"long","kind":"parameter","labelHint":"Delay between scheduling (executing).","required":false,"secret":false,"type":"duration"},"template":{"componentProperty":false,"deprecated":false,"displayName":"Template","group":"producer","javaType":"java.lang.String","kind":"path","labelHint":"Stored Procedure template to perform.","required":true,"secret":false,"type":"hidden"}}}]},"id":"sql-stored-start-connector","name":"Periodic stored procedure invocation","pattern":"From","tags":["dynamic"]}],"connectorCustomizers":["io.syndesis.connector.sql.customizer.DataSourceCustomizer"],"dependencies":[{"id":"io.syndesis.connector:connector-sql:1.9.0.fuse-760020-redhat-00001","type":"MAVEN"},{"id":"jdbc-driver","type":"EXTENSION_TAG"}],"description":"Invoke SQL to obtain, store, update, or delete data.","icon":"assets:sql.svg","id":"sql","name":"Database","properties":{"password":{"componentProperty":true,"deprecated":false,"displayName":"Password","group":"security","javaType":"java.lang.String","kind":"property","label":"common,security","labelHint":"Password for the database connection.","order":3,"required":true,"secret":true,"type":"string"},"schema":{"componentProperty":true,"deprecated":false,"displayName":"Schema","group":"common","javaType":"java.lang.String","kind":"property","label":"common","labelHint":"Database schema.","order":4,"required":false,"secret":false,"type":"string"},"url":{"componentProperty":true,"deprecated":false,"displayName":"Connection URL","group":"common","javaType":"java.lang.String","kind":"property","labelHint":"JDBC URL of the database.","order":1,"required":true,"secret":false,"type":"string"},"user":{"componentProperty":true,"deprecated":false,"displayName":"Username","group":"common","javaType":"java.lang.String","kind":"property","labelHint":"Username for the database connection.","order":2,"required":true,"secret":false,"type":"string"}},"tags":["verifier"],"version":3},"connectorId":"sql","createdDate":1588771208848,"description":"Connection to portfolio ","icon":"assets:sql.svg","id":"i-M6e8AuHjir_b56_Zrmdz","isDerived":false,"lastUpdated":1588771208848,"name":"portfolio","userId":"user","uses":0},"id":"-M6euPy_Pu6uvFvKdR9T","metadata":{"configured":"true"},"stepKind":"endpoint"},{"action":{"actionType":"step","descriptor":{"inputDataShape":{"kind":"any","name":"All preceding outputs"},"outputDataShape":{"description":"API request payload","kind":"json-schema","metadata":{"unified":"true"},"name":"Request","specification":"{\"$schema\":\"http://json-schema.org/schema#\",\"type\":\"object\",\"$id\":\"io:syndesis:wrapped\",\"properties\":{\"parameters\":{\"type\":\"object\",\"properties\":{\"custId\":{\"type\":\"string\",\"title\":\"custId\"}}}}}"}}},"configuredProperties":{"atlasmapping":"{\"AtlasMapping\":{\"jsonType\":\"io.atlasmap.v2.AtlasMapping\",\"dataSource\":[{\"jsonType\":\"io.atlasmap.json.v2.JsonDataSource\",\"id\":\"-M6erxTyPu6uvFvKdR9T\",\"uri\":\"atlas:json:-M6erxTyPu6uvFvKdR9T\",\"dataSourceType\":\"SOURCE\"},{\"jsonType\":\"io.atlasmap.json.v2.JsonDataSource\",\"id\":\"-M6ewEG3Pu6uvFvKdR9Y\",\"uri\":\"atlas:json:-M6ewEG3Pu6uvFvKdR9Y\",\"dataSourceType\":\"SOURCE\"},{\"jsonType\":\"io.atlasmap.json.v2.JsonDataSource\",\"id\":\"-M6euPy_Pu6uvFvKdR9T\",\"uri\":\"atlas:json:-M6euPy_Pu6uvFvKdR9T\",\"dataSourceType\":\"SOURCE\"},{\"jsonType\":\"io.atlasmap.json.v2.JsonDataSource\",\"id\":\"-M6evmh6Pu6uvFvKdR9X\",\"uri\":\"atlas:json:-M6evmh6Pu6uvFvKdR9X\",\"dataSourceType\":\"TARGET\",\"template\":null}],\"mappings\":{\"mapping\":[{\"jsonType\":\"io.atlasmap.v2.Mapping\",\"id\":\"mapping.572267\",\"inputFieldGroup\":{\"jsonType\":\"io.atlasmap.v2.FieldGroup\",\"actions\":[{\"delimiter\":\" \",\"@type\":\"Concatenate\"}],\"field\":[{\"jsonType\":\"io.atlasmap.json.v2.JsonField\",\"name\":\"custId\",\"path\":\"/<>/custId\",\"fieldType\":\"STRING\",\"docId\":\"-M6euPy_Pu6uvFvKdR9T\",\"userCreated\":false,\"index\":0}]},\"outputField\":[{\"jsonType\":\"io.atlasmap.json.v2.JsonField\",\"name\":\"custId\",\"path\":\"/parameters/custId\",\"fieldType\":\"STRING\",\"docId\":\"-M6evmh6Pu6uvFvKdR9X\",\"userCreated\":false}]}]},\"name\":\"UI.0\",\"lookupTables\":{\"lookupTable\":[]},\"constants\":{\"constant\":[]},\"properties\":{\"property\":[]}}}"},"id":"-M6ewJ7gPu6uvFvKdR9Z","metadata":{"configured":"true"},"name":"Data Mapper","stepKind":"mapper"},{"action":{"actionType":"connector","description":"Auto generated using Swagger Inspector","descriptor":{"configuredProperties":{"operationId":"35d36951-147e-4aab-b029-63d57bc76a1f"},"connectorId":"i-M6biqbujir_b56_Zrm_z","inputDataShape":{"description":"API request payload","kind":"json-schema","metadata":{"unified":"true"},"name":"Request","specification":"{\"$schema\":\"http://json-schema.org/schema#\",\"type\":\"object\",\"$id\":\"io:syndesis:wrapped\",\"properties\":{\"parameters\":{\"type\":\"object\",\"properties\":{\"custId\":{\"type\":\"string\",\"title\":\"custId\"}}}}}"},"outputDataShape":{"description":"API response payload","kind":"json-schema","metadata":{"unified":"true"},"name":"Response","specification":"{\"$schema\":\"http://json-schema.org/schema#\",\"type\":\"object\",\"$id\":\"io:syndesis:wrapped\",\"properties\":{\"body\":{\"type\":\"object\",\"properties\":{\"prediction\":{\"type\":\"string\"}}}}}"}},"id":"i-M6biqbujir_b56_Zrm_z:35d36951-147e-4aab-b029-63d57bc76a1f","name":"GET /predict","pattern":"To"},"connection":{"configuredProperties":{"authenticationType":"none","basePath":"/","host":"http://mock-prediction-citizen-integ-story.apps.cluster-0858.0858.example.opentlc.com"},"connector":{"actions":[{"actionType":"connector","description":"Auto generated using Swagger Inspector","descriptor":{"configuredProperties":{"operationId":"35d36951-147e-4aab-b029-63d57bc76a1f"},"connectorId":"i-M6biqbujir_b56_Zrm_z","inputDataShape":{"description":"API request payload","kind":"json-schema","metadata":{"unified":"true"},"name":"Request","specification":"{\"$schema\":\"http://json-schema.org/schema#\",\"type\":\"object\",\"$id\":\"io:syndesis:wrapped\",\"properties\":{\"parameters\":{\"type\":\"object\",\"properties\":{\"custId\":{\"type\":\"string\",\"title\":\"custId\"}}}}}"},"outputDataShape":{"description":"API response payload","kind":"json-schema","metadata":{"unified":"true"},"name":"Response","specification":"{\"$schema\":\"http://json-schema.org/schema#\",\"type\":\"object\",\"$id\":\"io:syndesis:wrapped\",\"properties\":{\"body\":{\"type\":\"object\",\"properties\":{\"prediction\":{\"type\":\"string\"}}}}}"}},"id":"i-M6biqbujir_b56_Zrm_z:35d36951-147e-4aab-b029-63d57bc76a1f","name":"GET /predict","pattern":"To"}],"componentScheme":"rest-openapi","configuredProperties":{"authenticationType":"none","componentName":"connector-rest-swagger-http4","specification":"{\"openapi\":\"3.0.1\",\"servers\":[{\"url\":\"http://mock-prediction-citizen-integrator-story.apps.cluster-0858.0858.example.opentlc.com/\"}],\"paths\":{\"/predict\":{\"servers\":[{\"url\":\"http://mock-prediction-citizen-integrator-story.apps.cluster-0858.0858.example.opentlc.com/\"}],\"get\":{\"parameters\":[{\"example\":\"CUST\",\"name\":\"custId\",\"schema\":{\"type\":\"string\"},\"in\":\"query\"}],\"operationId\":\"35d36951-147e-4aab-b029-63d57bc76a1f\"}}}}"},"connectorCustomizers":["io.syndesis.connector.rest.swagger.SpecificationResourceCustomizer","io.syndesis.connector.rest.swagger.AuthenticationCustomizer","io.syndesis.connector.rest.swagger.RequestCustomizer","io.syndesis.connector.rest.swagger.ResponseCustomizer"],"connectorFactory":"io.syndesis.connector.rest.swagger.ConnectorFactory","connectorGroup":{"id":"swagger-connector-template"},"connectorGroupId":"swagger-connector-template","dependencies":[{"id":"io.syndesis.connector:connector-rest-swagger:1.9.0.fuse-760020-redhat-00001","type":"MAVEN"},{"id":"org.apache.camel:camel-rest-openapi:2.23.2.fuse-760030-redhat-00001","type":"MAVEN"},{"id":"org.apache.camel:camel-http4:2.23.2.fuse-760030-redhat-00001","type":"MAVEN"}],"description":"predictionservice","icon":"data:image/svg+xml,%3Csvg%20xmlns%3Asvg%3D%22http%3A%2F%2Fwww%2Ew3%2Eorg%2F2000%2Fsvg%22%20xmlns%3D%22http%3A%2F%2Fwww%2Ew3%2Eorg%2F2000%2Fsvg%22%20width%3D%22400%22%20height%3D%22400%22%3E%3Ccircle%20cx%3D%22200%22%20cy%3D%22200%22%20r%3D%22200%22%20style%3D%22fill%3A%23fff%22%2F%3E%3Cpath%20d%3D%22M%20200%2E0486%2C4%2E99996%20A%20194%2E9514%2C195%200%200%200%205%2E0972058%2C192%2E6378%20l%200%2E8633847%2C0%20c%208%2E2004055%2C0%2013%2E8596845%2C%2D1%2E67314%2016%2E9781575%2C%2D5%203%2E118462%2C%2D3%2E34657%204%2E677184%2C%2D9%2E37626%204%2E677184%2C%2D18%2E08892%20l%200%2C%2D20%2E68637%20c%200%2C%2D12%2E75163%202%2E425915%2C%2D21%2E26114%207%2E276895%2C%2D25%2E5309%204%2E908747%2C%2D4%2E26977%2014%2E552562%2C%2D6%2E40606%2028%2E932227%2C%2D6%2E40606%20l%205%2E370951%2C0%200%2C12%2E46362%20%2D5%2E891271%2C0%20c%20%2D8%2E14272%2C0%20%2D13%2E456215%2C1%2E26983%20%2D15%2E939406%2C3%2E8086%20%2D2%2E483201%2C2%2E5388%20%2D3%2E724222%2C7%2E87566%20%2D3%2E724222%2C16%2E01131%20l%200%2C21%2E46334%20c%200%2C9%2E00112%20%2D1%2E298856%2C15%2E55185%20%2D3%2E897648%2C19%2E64853%20%2D2%2E598742%2C4%2E09668%20%2D7%2E102959%2C6%2E92385%20%2D13%2E513151%2C8%2E48174%206%2E352486%2C1%2E44249%2010%2E826741%2C4%2E21176%2013%2E425473%2C8%2E30844%202%2E656508%2C4%2E09665%203%2E985326%2C10%2E67344%203%2E985326%2C19%2E73232%20l%200%2C21%2E46524%20c%200%2C8%2E13562%201%2E241021%2C13%2E47253%203%2E724222%2C16%2E01132%202%2E483191%2C2%2E53878%207%2E796686%2C3%2E80861%2015%2E939406%2C3%2E80861%20l%205%2E891271%2C0%200%2C12%2E37601%20%2D5%2E370951%2C0%20c%20%2D14%2E379665%2C0%20%2D24%2E02348%2C%2D2%2E13439%20%2D28%2E932227%2C%2D6%2E40414%20%2D4%2E85098%2C%2D4%2E21208%20%2D7%2E276895%2C%2D12%2E69359%20%2D7%2E276895%2C%2D25%2E44522%20l%200%2C%2D20%2E77207%20c%200%2C%2D8%2E59723%20%2D1%2E558722%2C%2D14%2E56903%20%2D4%2E677184%2C%2D17%2E91562%20%2D3%2E060707%2C%2D3%2E28888%20%2D8%2E719986%2C%2D4%2E93403%20%2D16%2E9781575%2C%2D4%2E93403%20L%205%2C205%2E03355%20A%20195%2E16867%2C194%2E99998%200%200%200%20200%2E0486%2C395%20195%2E16867%2C194%2E99998%200%200%200%20395%2C206%2E11464%20l%20%2D0%2E9606%2C0%20c%20%2D8%2E25818%2C0%20%2D13%2E91741%2C1%2E64515%20%2D16%2E97815%2C4%2E93403%20%2D3%2E11845%2C3%2E34659%20%2D4%2E67718%2C9%2E31839%20%2D4%2E67718%2C17%2E91562%20l%200%2C20%2E77207%20c%200%2C12%2E75163%20%2D2%2E42593%2C21%2E23314%20%2D7%2E27691%2C25%2E44522%20%2D4%2E90872%2C4%2E26975%20%2D14%2E55259%2C6%2E40414%20%2D28%2E93222%2C6%2E40414%20l%20%2D5%2E37095%2C0%200%2C%2D12%2E37601%205%2E89128%2C0%20c%208%2E14269%2C0%2013%2E45618%2C%2D1%2E26983%2015%2E9394%2C%2D3%2E80861%202%2E48321%2C%2D2%2E5388%203%2E72422%2C%2D7%2E8757%203%2E72422%2C%2D16%2E01132%20l%200%2C%2D21%2E46524%20c%200%2C%2D9%2E05888%201%2E32884%2C%2D15%2E63567%203%2E98532%2C%2D19%2E73232%202%2E59875%2C%2D4%2E09668%207%2E07303%2C%2D6%2E86595%2013%2E42547%2C%2D8%2E30844%20%2D6%2E4102%2C%2D1%2E55789%20%2D10%2E9144%2C%2D4%2E38506%20%2D13%2E51314%2C%2D8%2E48174%20%2D2%2E59875%2C%2D4%2E09668%20%2D3%2E89765%2C%2D10%2E64741%20%2D3%2E89765%2C%2D19%2E64853%20l%200%2C%2D21%2E46334%20c%200%2C%2D8%2E13565%20%2D1%2E24101%2C%2D13%2E47251%20%2D3%2E72422%2C%2D16%2E01131%20%2D2%2E48322%2C%2D2%2E53877%20%2D7%2E79671%2C%2D3%2E8086%20%2D15%2E9394%2C%2D3%2E8086%20l%20%2D5%2E89128%2C0%200%2C%2D12%2E46362%205%2E37095%2C0%20c%2014%2E37963%2C0%2024%2E0235%2C2%2E13629%2028%2E93222%2C6%2E40606%204%2E85098%2C4%2E26976%207%2E27691%2C12%2E77927%207%2E27691%2C25%2E5309%20l%200%2C20%20c%200%2C8%2E71266%201%2E55873%2C14%2E74235%204%2E67718%2C18%2E08892%203%2E11848%2C3%2E34657%208%2E7777%2C5%2016%2E97815%2C5%20l%200%2E86338%2C0%20A%20194%2E9514%2C195%200%200%200%20200%2E0486%2C4%2E99996%20Z%22%20style%3D%22fill%3A%233d2c00%22%2F%3E%3Cpath%20d%3D%22m%20249%2E28%2C165%2E168%20q%200%2C23%2E744%20%2D16%2E128%2C36%2E4%20%2D16%2E128%2C12%2E656%20%2D45%2E696%2C12%2E656%20l%20%2D25%2E312%2C0%200%2C67%2E648%20%2D11%2E424%2C0%200%2C%2D163%2E744%2040%2E096%2C0%20q%2058%2E464%2C0%2058%2E464%2C47%2E04%20z%20m%20%2D87%2E136%2C39%2E2%2022%2E512%2C0%20q%2027%2E664%2C0%2039%2E984%2C%2D9%2E128%2012%2E32%2C%2D9%2E128%2012%2E32%2C%2D29%2E624%200%2C%2D18%2E928%20%2D11%2E648%2C%2D28%2E056%20%2D11%2E648%2C%2D9%2E128%20%2D36%2E064%2C%2D9%2E128%20l%20%2D27%2E104%2C0%200%2C75%2E936%20z%22%20style%3D%22fill%3A%23fff%22%2F%3E%3C%2Fsvg%3E","id":"i-M6biqbujir_b56_Zrm_z","name":"predictionservice","properties":{"authenticationType":{"componentProperty":true,"defaultValue":"none","deprecated":false,"description":"Type of authentication used to connect to the API","displayName":"Authentication Type","enum":[{"label":"No Security","value":"none"}],"group":"producer","javaType":"java.lang.String","kind":"property","label":"producer","order":1,"required":false,"secret":false,"tags":["authentication-type"],"type":"hidden"},"basePath":{"componentProperty":true,"defaultValue":"/","deprecated":false,"description":"API basePath for example /v2. Default is unset if set overrides the value present in OpenAPI document.","displayName":"Base path","group":"producer","javaType":"java.lang.String","kind":"property","label":"producer","order":11,"required":true,"secret":false,"type":"string"},"host":{"componentProperty":true,"defaultValue":"http://mock-prediction-citizen-integrator-story.apps.cluster-0858.0858.example.opentlc.com","deprecated":false,"description":"Scheme hostname and port to direct the HTTP requests to in the form of https://hostname:port.","displayName":"Host","group":"producer","javaType":"java.lang.String","kind":"property","label":"producer","order":10,"required":true,"secret":false,"type":"string"},"specification":{"componentProperty":true,"deprecated":false,"description":"OpenAPI document of the service","displayName":"Document","group":"producer","javaType":"java.lang.String","kind":"property","label":"producer","required":true,"secret":false,"tags":["upload","url"],"type":"hidden"}},"version":2},"connectorId":"i-M6biqbujir_b56_Zrm_z","createdDate":1588784321923,"description":"predictionservice","icon":"data:image/svg+xml,%3Csvg%20xmlns%3Asvg%3D%22http%3A%2F%2Fwww%2Ew3%2Eorg%2F2000%2Fsvg%22%20xmlns%3D%22http%3A%2F%2Fwww%2Ew3%2Eorg%2F2000%2Fsvg%22%20width%3D%22400%22%20height%3D%22400%22%3E%3Ccircle%20cx%3D%22200%22%20cy%3D%22200%22%20r%3D%22200%22%20style%3D%22fill%3A%23fff%22%2F%3E%3Cpath%20d%3D%22M%20200%2E0486%2C4%2E99996%20A%20194%2E9514%2C195%200%200%200%205%2E0972058%2C192%2E6378%20l%200%2E8633847%2C0%20c%208%2E2004055%2C0%2013%2E8596845%2C%2D1%2E67314%2016%2E9781575%2C%2D5%203%2E118462%2C%2D3%2E34657%204%2E677184%2C%2D9%2E37626%204%2E677184%2C%2D18%2E08892%20l%200%2C%2D20%2E68637%20c%200%2C%2D12%2E75163%202%2E425915%2C%2D21%2E26114%207%2E276895%2C%2D25%2E5309%204%2E908747%2C%2D4%2E26977%2014%2E552562%2C%2D6%2E40606%2028%2E932227%2C%2D6%2E40606%20l%205%2E370951%2C0%200%2C12%2E46362%20%2D5%2E891271%2C0%20c%20%2D8%2E14272%2C0%20%2D13%2E456215%2C1%2E26983%20%2D15%2E939406%2C3%2E8086%20%2D2%2E483201%2C2%2E5388%20%2D3%2E724222%2C7%2E87566%20%2D3%2E724222%2C16%2E01131%20l%200%2C21%2E46334%20c%200%2C9%2E00112%20%2D1%2E298856%2C15%2E55185%20%2D3%2E897648%2C19%2E64853%20%2D2%2E598742%2C4%2E09668%20%2D7%2E102959%2C6%2E92385%20%2D13%2E513151%2C8%2E48174%206%2E352486%2C1%2E44249%2010%2E826741%2C4%2E21176%2013%2E425473%2C8%2E30844%202%2E656508%2C4%2E09665%203%2E985326%2C10%2E67344%203%2E985326%2C19%2E73232%20l%200%2C21%2E46524%20c%200%2C8%2E13562%201%2E241021%2C13%2E47253%203%2E724222%2C16%2E01132%202%2E483191%2C2%2E53878%207%2E796686%2C3%2E80861%2015%2E939406%2C3%2E80861%20l%205%2E891271%2C0%200%2C12%2E37601%20%2D5%2E370951%2C0%20c%20%2D14%2E379665%2C0%20%2D24%2E02348%2C%2D2%2E13439%20%2D28%2E932227%2C%2D6%2E40414%20%2D4%2E85098%2C%2D4%2E21208%20%2D7%2E276895%2C%2D12%2E69359%20%2D7%2E276895%2C%2D25%2E44522%20l%200%2C%2D20%2E77207%20c%200%2C%2D8%2E59723%20%2D1%2E558722%2C%2D14%2E56903%20%2D4%2E677184%2C%2D17%2E91562%20%2D3%2E060707%2C%2D3%2E28888%20%2D8%2E719986%2C%2D4%2E93403%20%2D16%2E9781575%2C%2D4%2E93403%20L%205%2C205%2E03355%20A%20195%2E16867%2C194%2E99998%200%200%200%20200%2E0486%2C395%20195%2E16867%2C194%2E99998%200%200%200%20395%2C206%2E11464%20l%20%2D0%2E9606%2C0%20c%20%2D8%2E25818%2C0%20%2D13%2E91741%2C1%2E64515%20%2D16%2E97815%2C4%2E93403%20%2D3%2E11845%2C3%2E34659%20%2D4%2E67718%2C9%2E31839%20%2D4%2E67718%2C17%2E91562%20l%200%2C20%2E77207%20c%200%2C12%2E75163%20%2D2%2E42593%2C21%2E23314%20%2D7%2E27691%2C25%2E44522%20%2D4%2E90872%2C4%2E26975%20%2D14%2E55259%2C6%2E40414%20%2D28%2E93222%2C6%2E40414%20l%20%2D5%2E37095%2C0%200%2C%2D12%2E37601%205%2E89128%2C0%20c%208%2E14269%2C0%2013%2E45618%2C%2D1%2E26983%2015%2E9394%2C%2D3%2E80861%202%2E48321%2C%2D2%2E5388%203%2E72422%2C%2D7%2E8757%203%2E72422%2C%2D16%2E01132%20l%200%2C%2D21%2E46524%20c%200%2C%2D9%2E05888%201%2E32884%2C%2D15%2E63567%203%2E98532%2C%2D19%2E73232%202%2E59875%2C%2D4%2E09668%207%2E07303%2C%2D6%2E86595%2013%2E42547%2C%2D8%2E30844%20%2D6%2E4102%2C%2D1%2E55789%20%2D10%2E9144%2C%2D4%2E38506%20%2D13%2E51314%2C%2D8%2E48174%20%2D2%2E59875%2C%2D4%2E09668%20%2D3%2E89765%2C%2D10%2E64741%20%2D3%2E89765%2C%2D19%2E64853%20l%200%2C%2D21%2E46334%20c%200%2C%2D8%2E13565%20%2D1%2E24101%2C%2D13%2E47251%20%2D3%2E72422%2C%2D16%2E01131%20%2D2%2E48322%2C%2D2%2E53877%20%2D7%2E79671%2C%2D3%2E8086%20%2D15%2E9394%2C%2D3%2E8086%20l%20%2D5%2E89128%2C0%200%2C%2D12%2E46362%205%2E37095%2C0%20c%2014%2E37963%2C0%2024%2E0235%2C2%2E13629%2028%2E93222%2C6%2E40606%204%2E85098%2C4%2E26976%207%2E27691%2C12%2E77927%207%2E27691%2C25%2E5309%20l%200%2C20%20c%200%2C8%2E71266%201%2E55873%2C14%2E74235%204%2E67718%2C18%2E08892%203%2E11848%2C3%2E34657%208%2E7777%2C5%2016%2E97815%2C5%20l%200%2E86338%2C0%20A%20194%2E9514%2C195%200%200%200%20200%2E0486%2C4%2E99996%20Z%22%20style%3D%22fill%3A%233d2c00%22%2F%3E%3Cpath%20d%3D%22m%20249%2E28%2C165%2E168%20q%200%2C23%2E744%20%2D16%2E128%2C36%2E4%20%2D16%2E128%2C12%2E656%20%2D45%2E696%2C12%2E656%20l%20%2D25%2E312%2C0%200%2C67%2E648%20%2D11%2E424%2C0%200%2C%2D163%2E744%2040%2E096%2C0%20q%2058%2E464%2C0%2058%2E464%2C47%2E04%20z%20m%20%2D87%2E136%2C39%2E2%2022%2E512%2C0%20q%2027%2E664%2C0%2039%2E984%2C%2D9%2E128%2012%2E32%2C%2D9%2E128%2012%2E32%2C%2D29%2E624%200%2C%2D18%2E928%20%2D11%2E648%2C%2D28%2E056%20%2D11%2E648%2C%2D9%2E128%20%2D36%2E064%2C%2D9%2E128%20l%20%2D27%2E104%2C0%200%2C75%2E936%20z%22%20style%3D%22fill%3A%23fff%22%2F%3E%3C%2Fsvg%3E","id":"i-M6evCL6V0jHxsk2l5ziz","isDerived":false,"lastUpdated":1588784321923,"name":"predictionservice","userId":"opentlc-mgr","uses":0},"id":"-M6evmh6Pu6uvFvKdR9X","metadata":{"configured":"true"},"stepKind":"endpoint"},{"action":{"actionType":"step","descriptor":{"inputDataShape":{"kind":"any","name":"All preceding outputs"},"outputDataShape":{"kind":"json-instance","metadata":{"userDefined":"true"},"specification":"{\"offer\": \"value\", \"custId\":\"id\",\"customerClass\":\"class\",\"customersegmentation\":\"segment\"}"}}},"configuredProperties":{"atlasmapping":"{\"AtlasMapping\":{\"jsonType\":\"io.atlasmap.v2.AtlasMapping\",\"dataSource\":[{\"jsonType\":\"io.atlasmap.json.v2.JsonDataSource\",\"id\":\"-M6erxTyPu6uvFvKdR9T\",\"uri\":\"atlas:json:-M6erxTyPu6uvFvKdR9T\",\"dataSourceType\":\"SOURCE\"},{\"jsonType\":\"io.atlasmap.json.v2.JsonDataSource\",\"id\":\"-M6ewEG3Pu6uvFvKdR9Y\",\"uri\":\"atlas:json:-M6ewEG3Pu6uvFvKdR9Y\",\"dataSourceType\":\"SOURCE\"},{\"jsonType\":\"io.atlasmap.json.v2.JsonDataSource\",\"id\":\"-M6euPy_Pu6uvFvKdR9T\",\"uri\":\"atlas:json:-M6euPy_Pu6uvFvKdR9T\",\"dataSourceType\":\"SOURCE\"},{\"jsonType\":\"io.atlasmap.json.v2.JsonDataSource\",\"id\":\"-M6ewJ7gPu6uvFvKdR9Z\",\"uri\":\"atlas:json:-M6ewJ7gPu6uvFvKdR9Z\",\"dataSourceType\":\"SOURCE\"},{\"jsonType\":\"io.atlasmap.json.v2.JsonDataSource\",\"id\":\"-M6evmh6Pu6uvFvKdR9X\",\"uri\":\"atlas:json:-M6evmh6Pu6uvFvKdR9X\",\"dataSourceType\":\"SOURCE\"},{\"jsonType\":\"io.atlasmap.json.v2.JsonDataSource\",\"id\":\"-M6et8otPu6uvFvKdR9T\",\"uri\":\"atlas:json:-M6et8otPu6uvFvKdR9T\",\"dataSourceType\":\"TARGET\",\"template\":null}],\"mappings\":{\"mapping\":[{\"jsonType\":\"io.atlasmap.v2.Mapping\",\"id\":\"mapping.950125\",\"inputField\":[{\"jsonType\":\"io.atlasmap.json.v2.JsonField\",\"name\":\"prediction\",\"path\":\"/body/prediction\",\"fieldType\":\"STRING\",\"docId\":\"-M6evmh6Pu6uvFvKdR9X\",\"userCreated\":false}],\"outputField\":[{\"jsonType\":\"io.atlasmap.json.v2.JsonField\",\"name\":\"customersegmentation\",\"path\":\"/customersegmentation\",\"fieldType\":\"STRING\",\"docId\":\"-M6et8otPu6uvFvKdR9T\",\"userCreated\":false}]},{\"jsonType\":\"io.atlasmap.v2.Mapping\",\"id\":\"mapping.244555\",\"inputField\":[{\"jsonType\":\"io.atlasmap.json.v2.JsonField\",\"name\":\"custId\",\"path\":\"/parameters/custId\",\"fieldType\":\"STRING\",\"docId\":\"-M6ewJ7gPu6uvFvKdR9Z\",\"userCreated\":false}],\"outputField\":[{\"jsonType\":\"io.atlasmap.json.v2.JsonField\",\"name\":\"custId\",\"path\":\"/custId\",\"fieldType\":\"STRING\",\"docId\":\"-M6et8otPu6uvFvKdR9T\",\"userCreated\":false}]},{\"jsonType\":\"io.atlasmap.v2.Mapping\",\"id\":\"mapping.269720\",\"inputFieldGroup\":{\"jsonType\":\"io.atlasmap.v2.FieldGroup\",\"actions\":[{\"delimiter\":\" \",\"@type\":\"Concatenate\"}],\"field\":[{\"jsonType\":\"io.atlasmap.json.v2.JsonField\",\"name\":\"customerClass\",\"path\":\"/<>/customerClass\",\"fieldType\":\"STRING\",\"docId\":\"-M6euPy_Pu6uvFvKdR9T\",\"userCreated\":false,\"index\":0}]},\"outputField\":[{\"jsonType\":\"io.atlasmap.json.v2.JsonField\",\"name\":\"customerClass\",\"path\":\"/customerClass\",\"fieldType\":\"STRING\",\"docId\":\"-M6et8otPu6uvFvKdR9T\",\"userCreated\":false}]},{\"jsonType\":\"io.atlasmap.v2.Mapping\",\"id\":\"mapping.252422\",\"inputFieldGroup\":{\"jsonType\":\"io.atlasmap.v2.FieldGroup\",\"actions\":[{\"delimiter\":\" \",\"@type\":\"Concatenate\"}],\"field\":[{\"jsonType\":\"io.atlasmap.json.v2.JsonField\",\"name\":\"txnType\",\"path\":\"/<>/txnType\",\"fieldType\":\"STRING\",\"docId\":\"-M6euPy_Pu6uvFvKdR9T\",\"userCreated\":false,\"index\":0}]},\"outputField\":[{\"jsonType\":\"io.atlasmap.json.v2.JsonField\",\"name\":\"offer\",\"path\":\"/offer\",\"fieldType\":\"STRING\",\"docId\":\"-M6et8otPu6uvFvKdR9T\",\"userCreated\":false,\"actions\":[{\"string\":\"Offer for \",\"@type\":\"Prepend\"}]}]}]},\"name\":\"UI.0\",\"lookupTables\":{\"lookupTable\":[]},\"constants\":{\"constant\":[]},\"properties\":{\"property\":[]}}}"},"id":"-M6exUyTPu6uvFvKdR9Z","metadata":{"configured":"true"},"name":"Data Mapper","stepKind":"mapper"},{"configuredProperties":{"predicate":"AND","rules":"[{\"op\":\"in\",\"path\":\"customersegmentation\",\"value\":\"HIGH,MEDIUM\"},{\"op\":\"in\",\"path\":\"customerClass\",\"value\":\"PLATINUM,GOLD\"}]","type":"rule"},"id":"-M6eyhbaPu6uvFvKdR9Z","metadata":{"configured":"true"},"name":"Basic Filter","stepKind":"ruleFilter"},{"configuredProperties":{"bodyLoggingEnabled":"true","contextLoggingEnabled":"true"},"id":"-M6f3ir8Pu6uvFvKdR9Z","metadata":{"configured":"true"},"name":"Log","stepKind":"log"},{"action":{"actionType":"connector","description":"Publish data to the Kafka topic that you select.","descriptor":{"inputDataShape":{"kind":"json-instance","metadata":{"userDefined":"true"},"specification":"{\"offer\": \"value\", \"custId\":\"id\",\"customerClass\":\"class\",\"customersegmentation\":\"segment\"}"},"outputDataShape":{"kind":"none"},"propertyDefinitionSteps":[{"name":"Select the Kafka topic","properties":{"topic":{"componentProperty":false,"defaultValue":"offer-output","deprecated":false,"displayName":"Topic Name","enum":[{"label":"offer-output","value":"offer-output"}],"group":"common","javaType":"java.lang.String","kind":"path","labelHint":"Select the Kafka topic to send data to.","order":1,"required":true,"secret":false,"type":"string"}}}]},"id":"io.syndesis:kafka-publish-action","name":"Publish","pattern":"To","tags":["dynamic"]},"configuredProperties":{"topic":"offer-output"},"connection":{"configuredProperties":{"brokers":"my-cluster-kafka-brokers:9092"},"connector":{"actions":[{"actionType":"connector","description":"Publish data to the Kafka topic that you select.","descriptor":{"inputDataShape":{"kind":"any"},"outputDataShape":{"kind":"none"},"propertyDefinitionSteps":[{"description":"Specify Kafka topic name","name":"Select the Kafka topic","properties":{"topic":{"componentProperty":false,"deprecated":false,"displayName":"Topic Name","group":"common","javaType":"java.lang.String","kind":"path","labelHint":"Select the Kafka topic to send data to.","order":1,"required":true,"secret":false,"type":"string"}}}]},"id":"io.syndesis:kafka-publish-action","name":"Publish","pattern":"To","tags":["dynamic"]},{"actionType":"connector","description":"Receive data from the Kafka topic that you select.","descriptor":{"inputDataShape":{"kind":"none"},"outputDataShape":{"kind":"any"},"propertyDefinitionSteps":[{"description":"Select the Kafka topic name","name":"Select the Kafka topic","properties":{"topic":{"componentProperty":false,"deprecated":false,"displayName":"Topic Name","group":"common","javaType":"java.lang.String","kind":"path","labelHint":"Select the Kafka topic to receive data from.","order":1,"required":true,"secret":false,"type":"string"}}}]},"id":"io.syndesis:kafka-subscribe-action","name":"Subscribe","pattern":"From","tags":["dynamic"]}],"componentScheme":"kafka","dependencies":[{"id":"io.syndesis.connector:connector-kafka:1.9.0.fuse-760020-redhat-00001","type":"MAVEN"}],"description":"Subscribe for and publish messages","icon":"assets:kafka.svg","id":"kafka","name":"Kafka Message Broker","properties":{"brokers":{"componentProperty":true,"deprecated":false,"displayName":"Kafka Broker URIs","group":"common","javaType":"java.lang.String","kind":"property","label":"common","labelHint":"Comma separated list of Kafka broker URIs in the form host:port. Note that SSL URIs are not supported at this time and will cause an OOM at connection verification (see also https://issues.apache.org/jira/browse/KAFKA-4090)","order":1,"required":true,"secret":false,"type":"typeahead"}},"tags":["dynamic","verifier"],"version":3},"connectorId":"kafka","createdDate":1588730979772,"description":"Subscribe for and publish messages","icon":"assets:kafka.svg","id":"i-M6bjiLyjir_b56_Zrmaz","isDerived":false,"lastUpdated":1588730979772,"name":"Kafka Message Broker","userId":"opentlc-mgr","uses":0},"id":"-M6et8otPu6uvFvKdR9T","metadata":{"configured":"true"},"stepKind":"endpoint"}],"tags":["i-M6bjiLyjir_b56_Zrmaz","i-M6e8AuHjir_b56_Zrmdz","i-M6evCL6V0jHxsk2l5ziz"],"type":"PRIMARY"}],"id":"i-M6euxAEV0jHxsk2l5zgz","name":"portfolio-integration","tags":["i-M6biqbujir_b56_Zrm_z","kafka","sql"],"updatedAt":1588786820891,"version":3}}}